image,source_domain,camera,timestamp,plate_text,confidence,agreeing_reads,track_id,provenance,included_in_deck,included_in_government_video
"var/evidence/EZ01M2YG6VXN089KB8D6B849GXVX.png#xywh=430,860,201,78",GOVERNMENT,cam06,2026-09-20T09:41:45+05:30,,,,,"live.db evidence/EZ01M2YG6VXN089KB8D6B849GXVX sealed frame (sha256 3e242b6a35f4…, cam06 ai-worker); sealed for observation OB01M2YG6VXKY3ZX6D49MWJ9PX58 which reads GJ18X6705; plate box 463,881,598,917 found by re-running yolo-v9-t-640-license-plate-end2end offline on the sealed frame; crop is a pixel region of that frame; visible plate read by eye as GJ32AG2883; nearest cam06 read of it is +53098 s away (> 10 s), not paired",no,no
"var/evidence/EZ01M2YG7S5Y2WKC69ZWE1SX2GS0.png#xywh=439,840,194,77",GOVERNMENT,cam06,2026-09-20T09:41:58+05:30,,,,,"live.db evidence/EZ01M2YG7S5Y2WKC69ZWE1SX2GS0 sealed frame (sha256 4a30b5dcb23c…, cam06 ai-worker); sealed for observation OB01M2YG7S5WTV8RE80FYF74XE7A which reads GJ18X6705; same frame also sealed as 2 other evidence row(s); plate box 471,861,601,896 found by re-running yolo-v9-t-640-license-plate-end2end offline on the sealed frame; crop is a pixel region of that frame; visible plate read by eye as GJ32AG2883; nearest cam06 read of it is +53084 s away (> 10 s), not paired",no,no
"var/evidence/EZ01M3010EBBPMYTB3R3WMNNK98Y.png#xywh=675,100,110,45",GOVERNMENT,cam06,2026-09-20T23:54:19+05:30,,,,,"live.db evidence/EZ01M3010EBBPMYTB3R3WMNNK98Y sealed frame (sha256 a28d1bed00c3…, cam06 ai-worker); sealed for observation OB01M3010DYEP8DGWD5QZW7YE262 which reads GJ18X6705; plate box 693,112,767,133 found by re-running yolo-v9-t-640-license-plate-end2end offline on the sealed frame; crop is a pixel region of that frame; visible plate read by eye as GJ32AG2883; nearest cam06 read of it is +1943 s away (> 10 s), not paired",no,no
"var/evidence/EZ01M3037KGQ1WEP4XFTWJSRZ7P3.png#xywh=449,796,198,77",GOVERNMENT,cam06,2026-09-21T00:33:13+05:30,,,,,"live.db evidence/EZ01M3037KGQ1WEP4XFTWJSRZ7P3 sealed frame (sha256 592ed21a93c2…, cam06 ai-worker); sealed for observation OB01M3037KGHF02W7VVGRAEWGFTS which reads GJ18X6705; same frame also sealed as 1 other evidence row(s); plate box 482,817,614,852 found by re-running yolo-v9-t-640-license-plate-end2end offline on the sealed frame; crop is a pixel region of that frame; visible plate read by eye as GJ32AG2883; nearest cam06 read of it is -390 s away (> 10 s), not paired",no,no
"var/evidence/EZ01M303HEPMD0ZQ138HD2VWWF5R.png#xywh=667,132,111,52",GOVERNMENT,cam06,2026-09-21T00:38:40+05:30,,,,,"live.db evidence/EZ01M303HEPMD0ZQ138HD2VWWF5R sealed frame (sha256 01232130b05c…, cam06 ai-worker); sealed for observation OB01M303HEPJAMH3B7W3B2DNAZE1 which reads GJ18X6705; same frame also sealed as 4 other evidence row(s); plate box 685,146,760,170 found by re-running yolo-v9-t-640-license-plate-end2end offline on the sealed frame; crop is a pixel region of that frame; visible plate read by eye as GJ32AG2883; nearest cam06 read of it is -718 s away (> 10 s), not paired",no,no
"var/evidence/EZ01M303ZBFEZ6XMG1KCXGFAXSG6.png#xywh=547,473,152,63",GOVERNMENT,cam06,2026-09-21T00:46:28+05:30,,,,,"live.db evidence/EZ01M303ZBFEZ6XMG1KCXGFAXSG6 sealed frame (sha256 78198063ca62…, cam06 ai-worker); sealed for observation OB01M303ZB3DPEMVNQQ1MTCTKV25 which reads GJ11DB2886; same frame also sealed as 3 other evidence row(s); plate box 572,490,674,519 found by re-running yolo-v9-t-640-license-plate-end2end offline on the sealed frame; crop is a pixel region of that frame; visible plate read by eye as GJ02CL3526; no store read of it, not paired",no,no
"var/evidence/EZ01M304B46XGGZC9WG27TGW61FY.png#xywh=479,678,187,70",GOVERNMENT,cam06,2026-09-21T00:52:50+05:30,,,,,"live.db evidence/EZ01M304B46XGGZC9WG27TGW61FY sealed frame (sha256 08ad5b996c06…, cam06 ai-worker); sealed for observation OB01M304B3KB8XHQHSCDRX35ZT9D which reads GJ18ZT1782; plate box 510,697,635,729 found by re-running yolo-v9-t-640-license-plate-end2end offline on the sealed frame; crop is a pixel region of that frame; visible plate read by eye as GJ21AA1001; nearest cam06 read of it is +7427 s away (> 10 s), not paired",no,no
"var/evidence/EZ01M305DBCQWDY04KVDA981H299.png#xywh=422,884,205,77",GOVERNMENT,cam06,2026-09-21T01:11:17+05:30,,,,,"live.db evidence/EZ01M305DBCQWDY04KVDA981H299 sealed frame (sha256 fff6fa47a1e3…, cam06 ai-worker); sealed for observation OB01M305DB3H2AW04X9K9Y1FHP4A which reads GJ18X6705; plate box 456,905,593,940 found by re-running yolo-v9-t-640-license-plate-end2end offline on the sealed frame; crop is a pixel region of that frame; visible plate read by eye as GJ32AG2883; nearest cam06 read of it is -2675 s away (> 10 s), not paired",no,no
"var/evidence/EZ01M30750RHGJPG2X0EVKGECS1Y.png#xywh=247,729,187,246",GOVERNMENT,cam06,2026-09-21T01:41:55+05:30,,,,,"live.db evidence/EZ01M30750RHGJPG2X0EVKGECS1Y sealed frame (sha256 6c08dfa1790b…, cam06 ai-worker); sealed for observation OB01M30750RF6QX52TVN4M4QEV7B which reads GJ11BR0928; plate box 278,796,403,908 found by re-running yolo-v9-t-640-license-plate-end2end offline on the sealed frame; crop is a pixel region of that frame; plate not readable by eye; not paired",no,no
"var/evidence/EZ01M307WPMMYE5SEA23XGWFSTM2.png#xywh=654,171,114,49",GOVERNMENT,cam06,2026-09-21T01:54:37+05:30,,,,,"live.db evidence/EZ01M307WPMMYE5SEA23XGWFSTM2 sealed frame (sha256 19c5a44cd707…, cam06 ai-worker); sealed for observation OB01M307WP5X76NTA0W5PP7ZPKZ0 which reads GJ18X6705; plate box 673,184,749,207 found by re-running yolo-v9-t-640-license-plate-end2end offline on the sealed frame; crop is a pixel region of that frame; visible plate read by eye as GJ32AG2883; nearest cam06 read of it is -5275 s away (> 10 s), not paired",no,no
"var/evidence/EZ01M3081V85M5C243P4SE3NQ170.png#xywh=679,96,109,44",GOVERNMENT,cam06,2026-09-21T01:57:24+05:30,,,,,"live.db evidence/EZ01M3081V85M5C243P4SE3NQ170 sealed frame (sha256 d83dd0e09259…, cam06 ai-worker); sealed for observation OB01M3081V837205C3NWK1MT6Z5S which reads GJ18X6705; same frame also sealed as 1 other evidence row(s); plate box 697,108,770,128 found by re-running yolo-v9-t-640-license-plate-end2end offline on the sealed frame; crop is a pixel region of that frame; visible plate read by eye as GJ32AG2883; nearest cam06 read of it is -5442 s away (> 10 s), not paired",no,no
"var/evidence/EZ01M308PQJAAXVDPD70YX2GJAHR.png#xywh=569,398,152,67",GOVERNMENT,cam06,2026-09-21T02:09:09+05:30,,,,,"live.db evidence/EZ01M308PQJAAXVDPD70YX2GJAHR sealed frame (sha256 30b50a0f4d39…, cam06 ai-worker); sealed for observation OB01M308PQ23GC7YJVX626VANK44 which reads GJ11DB2886; same frame also sealed as 1 other evidence row(s); plate box 594,416,696,447 found by re-running yolo-v9-t-640-license-plate-end2end offline on the sealed frame; crop is a pixel region of that frame; visible plate read by eye as GJ02CL3526; no store read of it, not paired",no,no
"var/evidence/EZ01M308PQEXG246VFWE60P5ZZXD.png#xywh=601,302,139,63",GOVERNMENT,cam06,2026-09-21T02:09:10+05:30,,,,,"live.db evidence/EZ01M308PQEXG246VFWE60P5ZZXD sealed frame (sha256 03a82b7c3a9d…, cam06 ai-worker); sealed for observation OB01M308PPVCT12BSQCY9C0SR0CW which reads GJ11DB2886; same frame also sealed as 1 other evidence row(s); plate box 624,319,717,348 found by re-running yolo-v9-t-640-license-plate-end2end offline on the sealed frame; crop is a pixel region of that frame; visible plate read by eye as GJ02CL3526; no store read of it, not paired",no,no
"var/evidence/EZ01M308X9NP7PFCRNX15H7HFQ8C.png#xywh=605,312,140,56",GOVERNMENT,cam06,2026-09-21T02:12:26+05:30,,,,,"live.db evidence/EZ01M308X9NP7PFCRNX15H7HFQ8C sealed frame (sha256 b05a7b8d9369…, cam06 ai-worker); sealed for observation OB01M308X9NM5E3J2CNG76GNWTNJ which reads GJ18X6705; plate box 628,327,722,353 found by re-running yolo-v9-t-640-license-plate-end2end offline on the sealed frame; crop is a pixel region of that frame; visible plate read by eye as GJ32AG2883; nearest cam06 read of it is +4691 s away (> 10 s), not paired",no,no
"var/evidence/EZ01M308Z64NCBRCZQXHNFJQ4Y5E.png#xywh=1403,773,174,63",GOVERNMENT,cam06,2026-09-21T02:13:45+05:30,GJ11S7924,0.965,6,TR01M308Z0K8ST6ZMG5PY6KQ3JDK,"live.db evidence/EZ01M308Z64NCBRCZQXHNFJQ4Y5E sealed frame (sha256 4bb7eaec8faa…, cam06 ai-worker); sealed for observation OB01M308Z5Q40YC9CEV7JDHMH6FT which reads GJ11S7924; plate box 1432,790,1548,819 found by re-running yolo-v9-t-640-license-plate-end2end offline on the sealed frame; crop is a pixel region of that frame; visible plate read by eye as GJ11S7924; paired with live.db observations/OB01M308Z5Q40YC9CEV7JDHMH6FT (the sealed record's own read), cam06, +0.0 s from the sealed record",yes,yes
"var/evidence/EZ01M30B9CB2RW06ZMAEDEYVB2ZH.png#xywh=482,645,62,56",GOVERNMENT,cam06,2026-09-21T02:54:16+05:30,,,,,"live.db evidence/EZ01M30B9CB2RW06ZMAEDEYVB2ZH sealed frame (sha256 de43e4e81185…, cam06 ai-worker); sealed for observation OB01M30B9BY32RQAPVTXTM9YJDBB which reads GJ01RS9114; plate box 492,660,534,686 found by re-running yolo-v9-t-640-license-plate-end2end offline on the sealed frame; crop is a pixel region of that frame; plate not readable by eye; not paired",no,no
"var/evidence/EZ01M30CREYVRS856GZHST9QYP4Q.png#xywh=592,314,147,67",GOVERNMENT,cam06,2026-09-21T03:19:53+05:30,,,,,"live.db evidence/EZ01M30CREYVRS856GZHST9QYP4Q sealed frame (sha256 32bb16a68c18…, cam06 ai-worker); sealed for observation OB01M30CRE9D5BZKCZNT3XHP1KQR which reads GJ11DB2886; plate box 616,332,715,363 found by re-running yolo-v9-t-640-license-plate-end2end offline on the sealed frame; crop is a pixel region of that frame; visible plate read by eye as GJ02CL3526; no store read of it, not paired",no,no
"var/evidence/EZ01M30D2FJ97DMM673BCW39E4FH.png#xywh=737,114,122,59",GOVERNMENT,cam06,2026-09-21T03:25:27+05:30,,,,,"live.db evidence/EZ01M30D2FJ97DMM673BCW39E4FH sealed frame (sha256 cc1a7bb8c2d3…, cam06 ai-worker); sealed for observation OB01M30D2FJ7SAE4SP04YSP9XRRN which reads GJ11BR1008; plate box 757,130,839,157 found by re-running yolo-v9-t-640-license-plate-end2end offline on the sealed frame; crop is a pixel region of that frame; visible plate read by eye as GJ11CH4401; nearest cam06 read of it is -1783 s away (> 10 s), not paired",no,no
"var/evidence/EZ01M30D42BA2RXW6TED8CAYDJGJ.png#xywh=1193,593,182,71",GOVERNMENT,cam06,2026-09-21T03:26:24+05:30,GJ04Z0610,0.955,1,TR01M30D3ZF565NTJ6ZQHRXXCY82,"live.db evidence/EZ01M30D42BA2RXW6TED8CAYDJGJ sealed frame (sha256 d010c510dc94…, cam06 ai-worker); sealed for observation OB01M30D41XBCJWKC5SZ45Q6AKZF which reads GJ18ZT1782; plate box 1223,612,1345,645 found by re-running yolo-v9-t-640-license-plate-end2end offline on the sealed frame; crop is a pixel region of that frame; visible plate read by eye as GJ04Z0610; paired with live.db observations/OB01M30D44RR0R178EK1MRCDXC08, cam06, +3.3 s from the sealed record",no,no
"var/evidence/EZ01M30D42BA2RXW6TED8CAYDJGJ.png#xywh=604,337,138,55",GOVERNMENT,cam06,2026-09-21T03:26:20+05:30,,,,,"live.db evidence/EZ01M30D42BA2RXW6TED8CAYDJGJ sealed frame (sha256 d010c510dc94…, cam06 ai-worker); sealed for observation OB01M30D41XBCJWKC5SZ45Q6AKZF which reads GJ18ZT1782; plate box 627,352,719,377 found by re-running yolo-v9-t-640-license-plate-end2end offline on the sealed frame; crop is a pixel region of that frame; visible plate read by eye as GJ21AA1001; nearest cam06 read of it is -1783 s away (> 10 s), not paired",no,no
"var/evidence/EZ01M30D8H3JKPBYN8P0WF1WTEEY.png#xywh=455,776,194,74",GOVERNMENT,cam06,2026-09-21T03:28:27+05:30,,,,,"live.db evidence/EZ01M30D8H3JKPBYN8P0WF1WTEEY sealed frame (sha256 62fbb5ffb25b…, cam06 ai-worker); sealed for observation OB01M30D8GDPDYJMHT7C6EX6EW8A which reads GJ18X6705; same frame also sealed as 3 other evidence row(s); plate box 487,796,617,830 found by re-running yolo-v9-t-640-license-plate-end2end offline on the sealed frame; crop is a pixel region of that frame; visible plate read by eye as GJ32AG2883; nearest cam06 read of it is +129 s away (> 10 s), not paired",no,no
"var/evidence/EZ01M30DFAPB1ZFZR1WG4HQV5M4P.png#xywh=670,123,110,49",GOVERNMENT,cam06,2026-09-21T03:32:09+05:30,,,,,"live.db evidence/EZ01M30DFAPB1ZFZR1WG4HQV5M4P sealed frame (sha256 9aeb6ab8605d…, cam06 ai-worker); sealed for observation OB01M30DFA2JF71NS53SAHJEBK56 which reads GJ18X6705; same frame also sealed as 1 other evidence row(s); plate box 688,136,762,159 found by re-running yolo-v9-t-640-license-plate-end2end offline on the sealed frame; crop is a pixel region of that frame; visible plate read by eye as GJ32AG2883; nearest cam06 read of it is -92 s away (> 10 s), not paired",no,no
"var/evidence/EZ01M30DXHHNG0TD27EF0RSMRC2Y.png#xywh=600,337,140,52",GOVERNMENT,cam06,2026-09-21T03:40:12+05:30,,,,,"live.db evidence/EZ01M30DXHHNG0TD27EF0RSMRC2Y sealed frame (sha256 b703ce0aed23…, cam06 ai-worker); sealed for observation OB01M30DXGV3BEK18BXW8K4QNX7J which reads GJ18X6705; plate box 623,351,717,375 found by re-running yolo-v9-t-640-license-plate-end2end offline on the sealed frame; crop is a pixel region of that frame; visible plate read by eye as GJ32AG2883; nearest cam06 read of it is -575 s away (> 10 s), not paired",no,no
"var/evidence/EZ01M30EYBXS4GZJRST4WXQ74QJB.png#xywh=1122,142,153,63",GOVERNMENT,cam06,2026-09-21T03:58:12+05:30,,,,,"live.db evidence/EZ01M30EYBXS4GZJRST4WXQ74QJB sealed frame (sha256 c85508afa346…, cam06 ai-worker); sealed for observation OB01M30EYBXQHFCPEA9F2KGM5CDZ which reads GJ18ZT1782; plate box 1147,159,1250,188 found by re-running yolo-v9-t-640-license-plate-end2end offline on the sealed frame; crop is a pixel region of that frame; plate not readable by eye; not paired",no,no
"var/evidence/EZ01M30FWVW0QW83E1KRE5ZTSMK9.png#xywh=581,384,151,56",GOVERNMENT,cam06,2026-09-21T04:14:39+05:30,,,,,"live.db evidence/EZ01M30FWVW0QW83E1KRE5ZTSMK9 sealed frame (sha256 7e8fea389025…, cam06 ai-worker); sealed for observation OB01M30FWVE4APS3C603AE7KR4RH which reads GJ18X6705; plate box 606,399,707,425 found by re-running yolo-v9-t-640-license-plate-end2end offline on the sealed frame; crop is a pixel region of that frame; visible plate read by eye as GJ32AG2883; nearest cam06 read of it is -2643 s away (> 10 s), not paired",no,no
"var/evidence/EZ01M30J0S8GHDWZCWWNSBQCW215.png#xywh=629,236,128,52",GOVERNMENT,cam06,2026-09-21T04:51:52+05:30,,,,,"live.db evidence/EZ01M30J0S8GHDWZCWWNSBQCW215 sealed frame (sha256 fcdee185c340…, cam06 ai-worker); sealed for observation OB01M30J0S1XDJZMVKQGA7SYEH8Q which reads GJ11DB2886; same frame also sealed as 1 other evidence row(s); plate box 650,250,736,274 found by re-running yolo-v9-t-640-license-plate-end2end offline on the sealed frame; crop is a pixel region of that frame; visible plate read by eye as GJ02CL3526; no store read of it, not paired",no,no
"var/evidence/EZ01M30JJYGEPJM4WPBQH908APV8.png#xywh=446,820,189,71",GOVERNMENT,cam06,2026-09-21T05:01:32+05:30,,,,,"live.db evidence/EZ01M30JJYGEPJM4WPBQH908APV8 sealed frame (sha256 1868ac0aea45…, cam06 ai-worker); sealed for observation OB01M30JJYGCV539SKGFM2GAJNF7 which reads GJ18X6705; same frame also sealed as 1 other evidence row(s); plate box 477,839,604,872 found by re-running yolo-v9-t-640-license-plate-end2end offline on the sealed frame; crop is a pixel region of that frame; visible plate read by eye as GJ32AG2883; nearest cam06 read of it is -5455 s away (> 10 s), not paired",no,no
"var/evidence/EZ01M30JPW9K34680KKS2TE03E0W.png#xywh=586,358,152,56",GOVERNMENT,cam06,2026-09-21T05:03:49+05:30,,,,,"live.db evidence/EZ01M30JPW9K34680KKS2TE03E0W sealed frame (sha256 1c06583f95bb…, cam06 ai-worker); sealed for observation OB01M30JPW9HEAJF3594EG6HV8WR which reads GJ18X6705; plate box 611,373,713,399 found by re-running yolo-v9-t-640-license-plate-end2end offline on the sealed frame; crop is a pixel region of that frame; visible plate read by eye as GJ32AG2883; nearest cam06 read of it is -5592 s away (> 10 s), not paired",no,no
"var/evidence/EZ01M30JVEVSA2E8T38C2CYEHZMV.png#xywh=602,324,141,56",GOVERNMENT,cam06,2026-09-21T05:06:09+05:30,,,,,"live.db evidence/EZ01M30JVEVSA2E8T38C2CYEHZMV sealed frame (sha256 83ae030e632d…, cam06 ai-worker); sealed for observation OB01M30JVENDQKACHH0MGEYME94M which reads GJ18X6705; plate box 625,339,720,365 found by re-running yolo-v9-t-640-license-plate-end2end offline on the sealed frame; crop is a pixel region of that frame; visible plate read by eye as GJ32AG2883; nearest cam06 read of it is -5733 s away (> 10 s), not paired",no,no
"var/evidence/EZ01M30K7WBA5WP8TXHNXH5P2V4A.png#xywh=407,929,207,82",GOVERNMENT,cam06,2026-09-21T05:13:04+05:30,,,,,"live.db evidence/EZ01M30K7WBA5WP8TXHNXH5P2V4A sealed frame (sha256 c5b683ad5a76…, cam06 ai-worker); sealed for observation OB01M30K7VNP03TGTMHZ8XR39ZJZ which reads GJ18X6705; plate box 441,951,580,989 found by re-running yolo-v9-t-640-license-plate-end2end offline on the sealed frame; crop is a pixel region of that frame; visible plate read by eye as GJ32AG2883; nearest cam06 read of it is -6148 s away (> 10 s), not paired",no,no
"var/evidence/EZ01M30KR40S1PKCQEJJEYQ92516.png#xywh=577,362,150,66",GOVERNMENT,cam06,2026-09-21T05:22:09+05:30,,,,,"live.db evidence/EZ01M30KR40S1PKCQEJJEYQ92516 sealed frame (sha256 c8b32498ab7b…, cam06 ai-worker); sealed for observation OB01M30KR3GFECP7K1JTQ6KT7ZA6 which reads GJ11DB2886; plate box 602,380,702,410 found by re-running yolo-v9-t-640-license-plate-end2end offline on the sealed frame; crop is a pixel region of that frame; visible plate read by eye as GJ02CL3526; no store read of it, not paired",no,no
"var/evidence/EZ01M30NF1C7PM4CRSTMM1K8DPCZ.png#xywh=487,636,180,77",GOVERNMENT,cam06,2026-09-21T05:52:09+05:30,,,,,"live.db evidence/EZ01M30NF1C7PM4CRSTMM1K8DPCZ sealed frame (sha256 b83c906a2b59…, cam06 ai-worker); sealed for observation OB01M30NF1BX7852VQWMJ6QRKC7J which reads GJ11DB2886; plate box 517,657,637,692 found by re-running yolo-v9-t-640-license-plate-end2end offline on the sealed frame; crop is a pixel region of that frame; visible plate read by eye as GJ02CL3526; no store read of it, not paired",no,no
"var/evidence/EZ01M30QM0SMXNRK3KNW6G6ZFQZB.png#xywh=543,493,165,66",GOVERNMENT,cam06,2026-09-21T06:29:50+05:30,,,,,"live.db evidence/EZ01M30QM0SMXNRK3KNW6G6ZFQZB sealed frame (sha256 f2d3193aa62f…, cam06 ai-worker); sealed for observation OB01M30QM0SE3YCPHVYHTD52FPXS which reads GJ18ZT1782; plate box 570,511,681,541 found by re-running yolo-v9-t-640-license-plate-end2end offline on the sealed frame; crop is a pixel region of that frame; visible plate read by eye as GJ21AA1001; nearest cam06 read of it is -5492 s away (> 10 s), not paired",no,no
"var/evidence/EZ01M30QM0SMXNRK3KNW6G6ZFQZB.png#xywh=1220,837,211,77",GOVERNMENT,cam06,2026-09-21T06:29:54+05:30,GJ04Z0610,0.932,1,TR01M30QM0QPRYP4RWSNG3QS0ZAG,"live.db evidence/EZ01M30QM0SMXNRK3KNW6G6ZFQZB sealed frame (sha256 f2d3193aa62f…, cam06 ai-worker); sealed for observation OB01M30QM0SE3YCPHVYHTD52FPXS which reads GJ18ZT1782; plate box 1255,858,1396,893 found by re-running yolo-v9-t-640-license-plate-end2end offline on the sealed frame; crop is a pixel region of that frame; visible plate read by eye as GJ04Z0610; paired with live.db observations/OB01M30QM2K05S96ENCA3TAQX6KY, cam06, +4.8 s from the sealed record",yes,yes
"var/evidence/EZ01M30QM0SMXNRK3KNW6G6ZFQZB.png#xywh=101,811,122,93",GOVERNMENT,cam06,2026-09-21T06:29:50+05:30,,,,,"live.db evidence/EZ01M30QM0SMXNRK3KNW6G6ZFQZB sealed frame (sha256 f2d3193aa62f…, cam06 ai-worker); sealed for observation OB01M30QM0SE3YCPHVYHTD52FPXS which reads GJ18ZT1782; plate box 121,836,203,879 found by re-running yolo-v9-t-640-license-plate-end2end offline on the sealed frame; crop is a pixel region of that frame; visible plate read by eye as GJ14AG1667; no store read of it, not paired",no,no
"var/evidence/EZ01M30RSHPWRC7K56T0Y34B67ZJ.png#xywh=696,228,134,63",GOVERNMENT,cam06,2026-09-21T06:50:25+05:30,GJ11CH4401,0.924,4,TR01M30RSH94DF69JT8ZAKV1SN6Z,"live.db evidence/EZ01M30RSHPWRC7K56T0Y34B67ZJ sealed frame (sha256 01738aba1573…, cam06 ai-worker); sealed for observation OB01M30RSHPSHWCXJSHDSJBHQES4 which reads GJ11BR1008; plate box 718,245,808,274 found by re-running yolo-v9-t-640-license-plate-end2end offline on the sealed frame; crop is a pixel region of that frame; visible plate read by eye as GJ11CH4401; paired with live.db observations/OB01M30RSPG7NWEA7YZRDF440D01, cam06, +4.5 s from the sealed record",yes,yes
"var/evidence/EZ01M30RXPJYHWE5D8KNAGGQR6P0.png#xywh=647,177,126,59",GOVERNMENT,cam06,2026-09-21T06:52:17+05:30,,,,,"live.db evidence/EZ01M30RXPJYHWE5D8KNAGGQR6P0 sealed frame (sha256 97a8e95b0887…, cam06 ai-worker); sealed for observation OB01M30RXP9TFNF6QXKZGKR04WM4 which reads GJ18X6705; same frame also sealed as 1 other evidence row(s); plate box 668,193,752,220 found by re-running yolo-v9-t-640-license-plate-end2end offline on the sealed frame; crop is a pixel region of that frame; visible plate read by eye as GJ32AG2883; nearest cam06 read of it is +856 s away (> 10 s), not paired",no,no
"var/evidence/EZ01M30S8G4QMBJDJQVNF9EV0TXV.png#xywh=393,977,212,85",GOVERNMENT,cam06,2026-09-21T06:58:14+05:30,,,,,"live.db evidence/EZ01M30S8G4QMBJDJQVNF9EV0TXV sealed frame (sha256 068e5bc0fd5b…, cam06 ai-worker); sealed for observation OB01M30S8FV95W6MQ3SN7EHEG4TJ which reads GJ18X6705; plate box 428,1000,570,1039 found by re-running yolo-v9-t-640-license-plate-end2end offline on the sealed frame; crop is a pixel region of that frame; visible plate read by eye as GJ32AG2883; nearest cam06 read of it is +499 s away (> 10 s), not paired",no,no
"var/evidence/EZ01M30SDK4WDZMK9X83YPY2SDVA.png#xywh=578,408,144,60",GOVERNMENT,cam06,2026-09-21T07:01:05+05:30,,,,,"live.db evidence/EZ01M30SDK4WDZMK9X83YPY2SDVA sealed frame (sha256 c16d51543640…, cam06 ai-worker); sealed for observation OB01M30SDJWG2FP5TECJRXWWHGC9 which reads GJ18X6705; plate box 602,424,698,452 found by re-running yolo-v9-t-640-license-plate-end2end offline on the sealed frame; crop is a pixel region of that frame; visible plate read by eye as GJ32AG2883; nearest cam06 read of it is +328 s away (> 10 s), not paired",no,no
"var/evidence/EZ01M30SG2Y9Q1BF6P35H8C2F31Y.png#xywh=384,1002,217,78",GOVERNMENT,cam06,2026-09-21T07:02:16+05:30,,,,,"live.db evidence/EZ01M30SG2Y9Q1BF6P35H8C2F31Y sealed frame (sha256 10e3e0457ec2…, cam06 ai-worker); sealed for observation OB01M30SG2MFNYCATCJ0KC069E6X which reads GJ18X6705; plate box 420,1026,565,1067 found by re-running yolo-v9-t-640-license-plate-end2end offline on the sealed frame; crop is a pixel region of that frame; visible plate read by eye as GJ32AG2883; nearest cam06 read of it is +258 s away (> 10 s), not paired",no,no
"var/evidence/EZ01M30W2V6R54SN56XYZ0MAZQWS.png#xywh=413,932,218,82",GOVERNMENT,cam06,2026-09-21T07:47:52+05:30,GJ10CG4786,0.988,1,TR01M30W2TAAHHAYVJTZTD6V60NS,"live.db evidence/EZ01M30W2V6R54SN56XYZ0MAZQWS sealed frame (sha256 4a501d4d0712…, cam06 ai-worker); sealed for observation OB01M30W2TB82CBJ5QVYMVPJZW40 which reads GJ11YY6198; plate box 449,954,595,992 found by re-running yolo-v9-t-640-license-plate-end2end offline on the sealed frame; crop is a pixel region of that frame; visible plate read by eye as GJ10CG4786; paired with live.db observations/OB01M30W2XZ4KNG39GYT4YGQB43G, cam06, +4.4 s from the sealed record",yes,yes
"var/evidence/EZ01M30W2V6R54SN56XYZ0MAZQWS.png#xywh=708,153,122,63",GOVERNMENT,cam06,2026-09-21T07:47:53+05:30,GJ36R4094,0.990,1,TR01M30W2V5TVGWAT5X1PX56QA93,"live.db evidence/EZ01M30W2V6R54SN56XYZ0MAZQWS sealed frame (sha256 4a501d4d0712…, cam06 ai-worker); sealed for observation OB01M30W2TB82CBJ5QVYMVPJZW40 which reads GJ11YY6198; plate box 728,170,810,199 found by re-running yolo-v9-t-640-license-plate-end2end offline on the sealed frame; crop is a pixel region of that frame; visible plate read by eye as GJ36R4094; paired with live.db observations/OB01M30W2X51K9BGDWGJMM9JBFRS, cam06, +5.2 s from the sealed record",yes,yes
"var/evidence/EZ01M3105TTTH07GY7S8DZ4319R6.png#xywh=592,336,140,56",GOVERNMENT,cam06,2026-09-21T08:59:22+05:30,,,,,"live.db evidence/EZ01M3105TTTH07GY7S8DZ4319R6 sealed frame (sha256 47192e438e06…, cam06 ai-worker); sealed for observation OB01M3105T2MAV9HCDGW6BGPYY4Y which reads GJ11DB2886; plate box 615,351,709,377 found by re-running yolo-v9-t-640-license-plate-end2end offline on the sealed frame; crop is a pixel region of that frame; visible plate read by eye as GJ02CL3526; no store read of it, not paired",no,no
"var/evidence/EZ01M310HES2ZRNPWMK517PYZ72K.png#xywh=1122,142,153,63",GOVERNMENT,cam06,2026-09-21T09:05:42+05:30,,,,,"live.db evidence/EZ01M310HES2ZRNPWMK517PYZ72K sealed frame (sha256 26b60d42c144…, cam06 ai-worker); sealed for observation OB01M310HERY8HGX5JWW033X9DK4 which reads GJ18ZT1782; plate box 1147,159,1250,188 found by re-running yolo-v9-t-640-license-plate-end2end offline on the sealed frame; crop is a pixel region of that frame; plate not readable by eye; not paired",no,no
"var/evidence/EZ01M312B7570AEMJDSQJ5393NZ4.png#xywh=685,72,105,41",GOVERNMENT,cam06,2026-09-21T09:36:58+05:30,,,,,"live.db evidence/EZ01M312B7570AEMJDSQJ5393NZ4 sealed frame (sha256 96d81f311f4c…, cam06 ai-worker); sealed for observation OB01M312B6HBS4QPHMQ30N9M0X6D which reads GJ18X6705; same frame also sealed as 1 other evidence row(s); plate box 702,83,773,102 found by re-running yolo-v9-t-640-license-plate-end2end offline on the sealed frame; crop is a pixel region of that frame; visible plate read by eye as GJ32AG2883; nearest cam06 read of it is -9025 s away (> 10 s), not paired",no,no
"var/evidence/EZ01M314TD5W77KTQTZ3VQ5RK66Z.png#xywh=630,216,126,59",GOVERNMENT,cam06,2026-09-21T10:20:29+05:30,,,,,"live.db evidence/EZ01M314TD5W77KTQTZ3VQ5RK66Z sealed frame (sha256 68f52927da1e…, cam06 ai-worker); sealed for observation OB01M314TD5SC3R6J1HMAB46GC6D which reads GJ11DB2886; plate box 651,232,735,259 found by re-running yolo-v9-t-640-license-plate-end2end offline on the sealed frame; crop is a pixel region of that frame; visible plate read by eye as GJ02CL3526; no store read of it, not paired",no,no
"var/evidence/EZ01M318K0H5TMB26ZW3SS5TJNPC.png#xywh=491,665,186,71",GOVERNMENT,cam06,2026-09-21T11:26:24+05:30,GJ10CG4786,0.940,5,TR01M318JZY7XPJE9DN69PKQN48D,"live.db evidence/EZ01M318K0H5TMB26ZW3SS5TJNPC sealed frame (sha256 95033c8a3104…, cam06 ai-worker); sealed for observation OB01M318JZYGRDG66WKP6W0ZW97Z which reads GJ11YY6198; plate box 522,684,646,717 found by re-running yolo-v9-t-640-license-plate-end2end offline on the sealed frame; crop is a pixel region of that frame; visible plate read by eye as GJ10CG4786; paired with live.db observations/OB01M318K3R466207P6EPWYVPCJP, cam06, +3.2 s from the sealed record",yes,yes
"var/evidence/EZ01M318K0H5TMB26ZW3SS5TJNPC.png#xywh=759,44,99,55",GOVERNMENT,cam06,2026-09-21T11:26:21+05:30,,,,,"live.db evidence/EZ01M318K0H5TMB26ZW3SS5TJNPC sealed frame (sha256 95033c8a3104…, cam06 ai-worker); sealed for observation OB01M318JZYGRDG66WKP6W0ZW97Z which reads GJ11YY6198; plate box 775,59,842,84 found by re-running yolo-v9-t-640-license-plate-end2end offline on the sealed frame; crop is a pixel region of that frame; visible plate read by eye as GJ36R4094; nearest cam06 read of it is -5870 s away (> 10 s), not paired",no,no
"var/evidence/EZ01M319ZQ4SE0WD1X72AQ0YMAJH.png#xywh=1832,1001,88,79",GOVERNMENT,cam06,2026-09-21T11:50:42+05:30,,,,,"live.db evidence/EZ01M319ZQ4SE0WD1X72AQ0YMAJH sealed frame (sha256 f5b63ffaeb3d…, cam06 ai-worker); sealed for observation OB01M319ZPD9GSZT0MK40YHB7G49 which reads GJ11S7924; plate box 1849,1026,1919,1069 found by re-running yolo-v9-t-640-license-plate-end2end offline on the sealed frame; crop is a pixel region of that frame; plate cut by the frame edge (only GJ11S visible); not paired",no,no
"var/evidence/EZ01M31EBCA6ESERPTVE432RG4W2.png#xywh=466,758,187,71",GOVERNMENT,cam06,2026-09-21T13:06:47+05:30,,,,,"live.db evidence/EZ01M31EBCA6ESERPTVE432RG4W2 sealed frame (sha256 5eee669a0028…, cam06 ai-worker); sealed for observation OB01M31EBBSPA2XXJ0JKT4W3GP2K which reads GJ18X6705; plate box 497,777,622,810 found by re-running yolo-v9-t-640-license-plate-end2end offline on the sealed frame; crop is a pixel region of that frame; visible plate read by eye as GJ32AG2883; nearest cam06 read of it is +7341 s away (> 10 s), not paired",no,no
"var/evidence/EZ01M31EEDZQABXDSVFHQSCFN7K9.png#xywh=654,165,121,52",GOVERNMENT,cam06,2026-09-21T13:08:23+05:30,,,,,"live.db evidence/EZ01M31EEDZQABXDSVFHQSCFN7K9 sealed frame (sha256 46e6ddf810d6…, cam06 ai-worker); sealed for observation OB01M31EEDPN6W6R920BPED7KX65 which reads GJ18X6705; plate box 674,179,755,203 found by re-running yolo-v9-t-640-license-plate-end2end offline on the sealed frame; crop is a pixel region of that frame; visible plate read by eye as GJ32AG2883; nearest cam06 read of it is +7245 s away (> 10 s), not paired",no,no
"var/evidence/EZ01M31EWG2P3Q95TRTHSCXXRXT5.png#xywh=608,289,139,52",GOVERNMENT,cam06,2026-09-21T13:16:24+05:30,,,,,"live.db evidence/EZ01M31EWG2P3Q95TRTHSCXXRXT5 sealed frame (sha256 175ae70ab82c…, cam06 ai-worker); sealed for observation OB01M31EWG2KV0JY4S136EY2BMFY which reads GJ11DB2886; plate box 631,303,724,327 found by re-running yolo-v9-t-640-license-plate-end2end offline on the sealed frame; crop is a pixel region of that frame; visible plate read by eye as GJ02CL3526; no store read of it, not paired",no,no
"var/evidence/EZ01M31NJ70KD38D4T0CK0TBX4D2.png#xywh=471,738,187,74",GOVERNMENT,cam06,2026-09-21T15:12:51+05:30,,,,,"live.db evidence/EZ01M31NJ70KD38D4T0CK0TBX4D2 sealed frame (sha256 325f9313b654…, cam06 ai-worker); sealed for observation OB01M31NJ70G8NWZHMWYWWQ47JDP which reads GJ18X6705; plate box 502,758,627,792 found by re-running yolo-v9-t-640-license-plate-end2end offline on the sealed frame; crop is a pixel region of that frame; visible plate read by eye as GJ32AG2883; nearest cam06 read of it is -187 s away (> 10 s), not paired",no,no
"var/evidence/EZ01M31S0BASD72EAYFD0B344GFG.png#xywh=678,84,110,52",GOVERNMENT,cam06,2026-09-21T16:13:01+05:30,,,,,"live.db evidence/EZ01M31S0BASD72EAYFD0B344GFG sealed frame (sha256 4d4211b3c8db…, cam06 ai-worker); sealed for observation OB01M31S0A576YCBG73ZQ91ZQW60 which reads GJ18X6705; plate box 696,98,770,122 found by re-running yolo-v9-t-640-license-plate-end2end offline on the sealed frame; crop is a pixel region of that frame; visible plate read by eye as GJ32AG2883; nearest cam06 read of it is -3797 s away (> 10 s), not paired",no,no
var/live_samples/cam01_plate.png,GOVERNMENT,cam01,,,,,,"var/live_samples crop file (gitignored probe output, file dated 2 Sep); no store row or manifest links it to a read; not readable by eye",no,no
var/live_samples/cam04_plate.png,GOVERNMENT,cam04,,,,,,"var/live_samples crop file (gitignored probe output, file dated 2 Sep); no store row or manifest links it to a read; not readable by eye",no,no
var/live_samples/cam21_plate.png,GOVERNMENT,cam21,,,,,,"var/live_samples crop file (gitignored probe output, file dated 2 Sep); no store row or manifest links it to a read; not readable by eye",no,no
